[
  {
    "id": "ae9f1bbd-f3c0-4476-8c70-4842bc39d2f0",
    "data": [
      {
        "text": "WARNING! APP EXCEPTION ERROR",
        "userDefined": false
      }
    ],
    "isTemplate": false,
    "count": 0,
    "lang": "en",
    "updated": 0
  },
  {
    "id": "da26aa5b-c08a-4d38-93e9-bae24ad00dd6",
    "data": [
      {
        "text": "TAG NOT FOUND",
        "userDefined": false
      }
    ],
    "isTemplate": false,
    "count": 0,
    "lang": "en",
    "updated": 0
  },
  {
    "id": "3a7cc625-abfc-4100-9d6f-bbb4ae2f20cf",
    "data": [
      {
        "text": "YOUR SOFTWARE IS OUTDATED",
        "userDefined": false
      }
    ],
    "isTemplate": false,
    "count": 0,
    "lang": "en",
    "updated": 0
  },
  {
    "id": "22043c7d-5c9a-488f-bc2d-96f87917cbe4",
    "data": [
      {
        "text": "ERROR; SOFTWARE UPDATE IS REQUIRED",
        "userDefined": false
      }
    ],
    "isTemplate": false,
    "count": 0,
    "lang": "en",
    "updated": 0
  },
  {
    "id": "fa0f8e65-42dd-4f0d-bc17-2d7c96aa1710",
    "data": [
      {
        "text": "ERR ",
        "userDefined": false
      },
      {
        "text": "4246",
        "meta": "@sys.number",
        "alias": "number",
        "userDefined": false
      },
      {
        "text": ": SYSTEM FAILURE",
        "userDefined": false
      }
    ],
    "isTemplate": false,
    "count": 0,
    "lang": "en",
    "updated": 0
  }
]