[
  {
    "id": "9f7d47b4-9f8d-435a-8561-0bb8ab560a12",
    "data": [
      {
        "text": "LISTING ERROR",
        "userDefined": false
      }
    ],
    "isTemplate": false,
    "count": 0,
    "lang": "en",
    "updated": 0
  },
  {
    "id": "1028328d-1827-4a48-9550-af302b3e1e30",
    "data": [
      {
        "text": "WALLET NOT FOUND",
        "userDefined": false
      }
    ],
    "isTemplate": false,
    "count": 0,
    "lang": "en",
    "updated": 0
  },
  {
    "id": "c5967523-298e-4766-91c6-a6bbb05ae778",
    "data": [
      {
        "text": "WRONG PASSWORD",
        "userDefined": false
      }
    ],
    "isTemplate": false,
    "count": 0,
    "lang": "en",
    "updated": 0
  },
  {
    "id": "058b61bf-76b9-41c4-a389-e5089e7fe1ca",
    "data": [
      {
        "text": "WRONG LOGIN",
        "userDefined": false
      }
    ],
    "isTemplate": false,
    "count": 0,
    "lang": "en",
    "updated": 0
  },
  {
    "id": "51ffe1bd-2738-4e3a-89da-9ec7ad8e505c",
    "data": [
      {
        "text": "UNABLE TO AUTHENTICATE USER",
        "userDefined": false
      }
    ],
    "isTemplate": false,
    "count": 0,
    "lang": "en",
    "updated": 0
  },
  {
    "id": "ae3dc21a-584d-4b50-aa89-d7f25b7c0976",
    "data": [
      {
        "text": "UNKNOWN USER ID",
        "userDefined": false
      }
    ],
    "isTemplate": false,
    "count": 0,
    "lang": "en",
    "updated": 0
  },
  {
    "id": "f53dcc48-6660-4f5d-a81d-67e9c240f788",
    "data": [
      {
        "text": "TOKEN EXPIRED",
        "userDefined": false
      }
    ],
    "isTemplate": false,
    "count": 0,
    "lang": "en",
    "updated": 0
  }
]