[
  {
    "id": "1dbde5ea-85f3-4083-90d7-7156326cf361",
    "data": [
      {
        "text": "do you charge fees",
        "userDefined": false
      }
    ],
    "isTemplate": false,
    "count": 0,
    "lang": "en",
    "updated": 0
  },
  {
    "id": "c3ea21a0-44b4-403f-96cf-f01d36f62645",
    "data": [
      {
        "text": "what are your fees",
        "userDefined": false
      }
    ],
    "isTemplate": false,
    "count": 0,
    "lang": "en",
    "updated": 0
  },
  {
    "id": "6712e198-9b6b-4f64-bb80-ea7a8a73943b",
    "data": [
      {
        "text": "any fee",
        "userDefined": false
      }
    ],
    "isTemplate": false,
    "count": 0,
    "lang": "en",
    "updated": 0
  },
  {
    "id": "32e6feb6-ee6f-408d-96ce-3b423f1f8c90",
    "data": [
      {
        "text": "any  fees",
        "userDefined": false
      }
    ],
    "isTemplate": false,
    "count": 0,
    "lang": "en",
    "updated": 0
  }
]