[
  {
    "id": "a2e69a03-7853-442d-aab3-dbd7fbd37d2f",
    "data": [
      {
        "text": "BLANK SCREEN",
        "userDefined": false
      }
    ],
    "isTemplate": false,
    "count": 0,
    "lang": "en",
    "updated": 0
  },
  {
    "id": "029a42d9-96fc-4089-a9da-34fe6719f721",
    "data": [
      {
        "text": "KEYS NOT WORKING",
        "userDefined": false
      }
    ],
    "isTemplate": false,
    "count": 0,
    "lang": "en",
    "updated": 0
  },
  {
    "id": "cb90628e-fba2-4c1e-9c46-105d5e6cf583",
    "data": [
      {
        "text": "PRINTER NOT WORKING",
        "userDefined": false
      }
    ],
    "isTemplate": false,
    "count": 0,
    "lang": "en",
    "updated": 0
  },
  {
    "id": "3e27b28f-c6f0-49d7-9e09-ca1fb64e4c61",
    "data": [
      {
        "text": "BAD PRINTER",
        "userDefined": false
      }
    ],
    "isTemplate": false,
    "count": 0,
    "lang": "en",
    "updated": 0
  },
  {
    "id": "1519c409-6e99-41de-8d4a-b523e1f53f8d",
    "data": [
      {
        "text": "DANGER DETECT",
        "userDefined": false
      }
    ],
    "isTemplate": false,
    "count": 0,
    "lang": "en",
    "updated": 0
  },
  {
    "id": "e9c4b60c-7644-4d00-bd04-1a060f20b3e6",
    "data": [
      {
        "text": "NOT SENSING CARD",
        "userDefined": false
      }
    ],
    "isTemplate": false,
    "count": 0,
    "lang": "en",
    "updated": 0
  },
  {
    "id": "e960f21c-8907-4444-94af-2fde980f9884",
    "data": [
      {
        "text": "CARD FAILURE",
        "userDefined": false
      }
    ],
    "isTemplate": false,
    "count": 0,
    "lang": "en",
    "updated": 0
  },
  {
    "id": "a213e1ae-4e0a-49ef-9872-366141ddf325",
    "data": [
      {
        "text": "REMOVE CARD",
        "userDefined": false
      }
    ],
    "isTemplate": false,
    "count": 0,
    "lang": "en",
    "updated": 0
  },
  {
    "id": "ae98f4e5-1225-4bdf-9bde-865c64eb3e94",
    "data": [
      {
        "text": "KEYPAD ISSUE",
        "userDefined": false
      }
    ],
    "isTemplate": false,
    "count": 1,
    "lang": "en",
    "updated": 0
  },
  {
    "id": "d78db379-c522-4e67-848f-2eef9abb5952",
    "data": [
      {
        "text": "NUMBER",
        "userDefined": false
      }
    ],
    "isTemplate": false,
    "count": 0,
    "lang": "en",
    "updated": 0
  },
  {
    "id": "ca836df3-720d-4f5e-91b9-cb0d693d0be0",
    "data": [
      {
        "text": "NOT SEEING CARD",
        "userDefined": false
      }
    ],
    "isTemplate": false,
    "count": 0,
    "lang": "en",
    "updated": 0
  },
  {
    "id": "b1e20359-1e79-40eb-b8eb-7325a81f2999",
    "data": [
      {
        "text": "UNABLE TO PRINT",
        "userDefined": false
      }
    ],
    "isTemplate": false,
    "count": 0,
    "lang": "en",
    "updated": 0
  },
  {
    "id": "3a645b5f-0292-452f-9890-51fed300d988",
    "data": [
      {
        "text": "PED TAMPERED",
        "userDefined": false
      }
    ],
    "isTemplate": false,
    "count": 0,
    "lang": "en",
    "updated": 0
  }
]