[
  {
    "id": "5d8eb231-de4d-43ac-bc25-ec44fabb4336",
    "data": [
      {
        "text": "can not transfer",
        "userDefined": false
      }
    ],
    "isTemplate": false,
    "count": 0,
    "lang": "en",
    "updated": 0
  },
  {
    "id": "c670aa73-9fd4-4cae-b9ca-2a2ac8121d80",
    "data": [
      {
        "text": "UID",
        "userDefined": false
      }
    ],
    "isTemplate": false,
    "count": 0,
    "lang": "en",
    "updated": 0
  },
  {
    "id": "0a57f536-b5a7-4b76-b6a1-8bb3800d3922",
    "data": [
      {
        "text": "NO ENERGY",
        "userDefined": false
      }
    ],
    "isTemplate": false,
    "count": 0,
    "lang": "en",
    "updated": 0
  },
  {
    "id": "e084d637-6910-4299-9e91-39823a0a29b7",
    "data": [
      {
        "text": "NO ENERGY ON CARD",
        "userDefined": false
      }
    ],
    "isTemplate": false,
    "count": 0,
    "lang": "en",
    "updated": 0
  },
  {
    "id": "7bdea12c-eac8-4ca1-9c52-5fbecf4a2662",
    "data": [
      {
        "text": "SMART CARD APPROVED",
        "userDefined": false
      }
    ],
    "isTemplate": false,
    "count": 0,
    "lang": "en",
    "updated": 0
  },
  {
    "id": "03898019-5674-4cdb-ac34-11364ae68791",
    "data": [
      {
        "text": "SMART CARD APPROVED; NO ENERGY ON CARD",
        "userDefined": false
      }
    ],
    "isTemplate": false,
    "count": 0,
    "lang": "en",
    "updated": 0
  },
  {
    "id": "3464ff03-2657-4d42-8546-1256a668a82f",
    "data": [
      {
        "text": "TRANSACTION PROCESSING",
        "userDefined": false
      }
    ],
    "isTemplate": false,
    "count": 0,
    "lang": "en",
    "updated": 0
  },
  {
    "id": "85a5858a-1271-4f31-93d9-926238343da1",
    "data": [
      {
        "text": "PLEASE REQUERY",
        "userDefined": false
      }
    ],
    "isTemplate": false,
    "count": 0,
    "lang": "en",
    "updated": 0
  },
  {
    "id": "f7daf469-8f2a-4b64-ac23-7fbf0c90f72e",
    "data": [
      {
        "text": "PLEASE RE QUERY",
        "userDefined": false
      }
    ],
    "isTemplate": false,
    "count": 0,
    "lang": "en",
    "updated": 0
  },
  {
    "id": "011bb5b2-beeb-4924-b66a-f011c56523d1",
    "data": [
      {
        "text": "PENDING TRANSACTION PROCESSING",
        "userDefined": false
      }
    ],
    "isTemplate": false,
    "count": 0,
    "lang": "en",
    "updated": 0
  },
  {
    "id": "92be6c3b-eeab-4417-b441-3f467efdeb49",
    "data": [
      {
        "text": "PENDING; TRANSACTION PROCESSING. PLEASE REQUERY",
        "userDefined": false
      }
    ],
    "isTemplate": false,
    "count": 0,
    "lang": "en",
    "updated": 0
  }
]