[
  {
    "id": "127eea1d-0039-4cfd-af4c-314aa4524985",
    "data": [
      {
        "text": "CONTACT SUPPORT",
        "userDefined": false
      }
    ],
    "isTemplate": false,
    "count": 0,
    "lang": "en",
    "updated": 0
  },
  {
    "id": "f535f155-daf5-4c95-bcde-9374d34a7bda",
    "data": [
      {
        "text": "6",
        "meta": "@sys.number",
        "alias": "number",
        "userDefined": false
      }
    ],
    "isTemplate": false,
    "count": 0,
    "lang": "en",
    "updated": 0
  },
  {
    "id": "bcd8f8fa-1fe8-4bb0-9936-138a34bc1baf",
    "data": [
      {
        "text": "LIMIT",
        "userDefined": false
      }
    ],
    "isTemplate": false,
    "count": 0,
    "lang": "en",
    "updated": 0
  },
  {
    "id": "c355cc78-5f92-4ea6-92cf-11aecd4f422d",
    "data": [
      {
        "text": "WALLET NOT FUNDED",
        "userDefined": false
      }
    ],
    "isTemplate": false,
    "count": 0,
    "lang": "en",
    "updated": 0
  },
  {
    "id": "165f211c-784b-4fe0-b21f-c21a286b3233",
    "data": [
      {
        "text": "PENDING DEPOSIT",
        "userDefined": false
      }
    ],
    "isTemplate": false,
    "count": 0,
    "lang": "en",
    "updated": 0
  },
  {
    "id": "66aa8603-a0ac-4063-87a1-219081768e18",
    "data": [
      {
        "text": "TRANSACTION NOT FOUND",
        "userDefined": false
      }
    ],
    "isTemplate": false,
    "count": 0,
    "lang": "en",
    "updated": 0
  },
  {
    "id": "e3562fee-0b28-48e8-b1af-528c8c48a04d",
    "data": [
      {
        "text": "INSUFFICIENT FUND",
        "userDefined": false
      }
    ],
    "isTemplate": false,
    "count": 0,
    "lang": "en",
    "updated": 0
  },
  {
    "id": "bc83d0fc-d21d-4a64-b6cb-509a6373e936",
    "data": [
      {
        "text": "ON HOLD BALANCE",
        "userDefined": false
      }
    ],
    "isTemplate": false,
    "count": 0,
    "lang": "en",
    "updated": 0
  },
  {
    "id": "69f6fcd7-1947-4b6a-a9cd-2883132a6831",
    "data": [
      {
        "text": "ROUTING ERROR",
        "userDefined": false
      }
    ],
    "isTemplate": false,
    "count": 0,
    "lang": "en",
    "updated": 0
  },
  {
    "id": "cfb64314-aec8-4b77-abaf-56ecc225a7c0",
    "data": [
      {
        "text": "SECURITY VIOLATION",
        "userDefined": false
      }
    ],
    "isTemplate": false,
    "count": 0,
    "lang": "en",
    "updated": 0
  }
]