[
  {
    "id": "724f14ec-dbc2-4ca1-a7fb-12b21d637840",
    "data": [
      {
        "text": "ITEXAPP.COM",
        "userDefined": false
      }
    ],
    "isTemplate": false,
    "count": 0,
    "lang": "en",
    "updated": 0
  },
  {
    "id": "0d78ea5d-6ad4-43f2-a440-6dda8f208363",
    "data": [
      {
        "text": "BASEHUGE.ITEXAPP.COM",
        "meta": "@sys.url",
        "alias": "url",
        "userDefined": false
      }
    ],
    "isTemplate": false,
    "count": 0,
    "lang": "en",
    "updated": 0
  },
  {
    "id": "30f55645-c855-4f01-bc73-c75610132b13",
    "data": [
      {
        "text": "CAN\u0027T RESOLVE ",
        "userDefined": false
      },
      {
        "text": "BASEHUGE.ITEXAPP.COM",
        "meta": "@sys.url",
        "alias": "url",
        "userDefined": false
      }
    ],
    "isTemplate": false,
    "count": 0,
    "lang": "en",
    "updated": 0
  },
  {
    "id": "296ba73d-b49a-46f0-b409-21dab858e5cb",
    "data": [
      {
        "text": "CAN\u0027T CONNECT TO HOST",
        "userDefined": false
      }
    ],
    "isTemplate": false,
    "count": 0,
    "lang": "en",
    "updated": 0
  },
  {
    "id": "e6bcf481-2e0a-45e8-af66-d3e0c0da223f",
    "data": [
      {
        "text": "COMMUNICATION ERROR",
        "userDefined": false
      }
    ],
    "isTemplate": false,
    "count": 0,
    "lang": "en",
    "updated": 0
  },
  {
    "id": "da5f7db9-ed76-46ff-9fbe-93e5a7337d02",
    "data": [
      {
        "text": "NO RESPONSE RECEIVED",
        "userDefined": false
      }
    ],
    "isTemplate": false,
    "count": 0,
    "lang": "en",
    "updated": 0
  },
  {
    "id": "18381f1b-8978-4eb1-99c6-3b81e1dd0905",
    "data": [
      {
        "text": "CAN NOT CONNECT TO HOST",
        "userDefined": false
      }
    ],
    "isTemplate": false,
    "count": 0,
    "lang": "en",
    "updated": 0
  },
  {
    "id": "dffc58be-53a9-4a8c-ba7f-c7a42b6bb37c",
    "data": [
      {
        "text": "INIT",
        "userDefined": false
      }
    ],
    "isTemplate": false,
    "count": 0,
    "lang": "en",
    "updated": 0
  },
  {
    "id": "ffd980c3-418b-4732-91b4-78b72b17b088",
    "data": [
      {
        "text": "SLOT ",
        "userDefined": false
      },
      {
        "text": "1",
        "meta": "@sys.number",
        "alias": "number",
        "userDefined": false
      },
      {
        "text": " SLOT ",
        "userDefined": false
      },
      {
        "text": "2",
        "meta": "@sys.number",
        "alias": "number1",
        "userDefined": false
      }
    ],
    "isTemplate": false,
    "count": 0,
    "lang": "en",
    "updated": 0
  },
  {
    "id": "0101ae55-d6eb-4384-909a-d64b701b19dd",
    "data": [
      {
        "text": "SLOT ",
        "userDefined": false
      },
      {
        "text": "2",
        "meta": "@sys.date-time",
        "alias": "date-time",
        "userDefined": false
      },
      {
        "text": " INIT",
        "userDefined": false
      }
    ],
    "isTemplate": false,
    "count": 0,
    "lang": "en",
    "updated": 0
  },
  {
    "id": "a3a99db2-28f8-4e13-8a7f-bfe2add3adbd",
    "data": [
      {
        "text": "SLOT 1 INIT",
        "userDefined": false
      }
    ],
    "isTemplate": false,
    "count": 0,
    "lang": "en",
    "updated": 0
  }
]