[
  {
    "id": "4d530270-c0be-4dd7-9124-8c81b80a5d10",
    "data": [
      {
        "text": "ERROR (",
        "userDefined": false
      },
      {
        "text": "06",
        "meta": "@sys.number",
        "alias": "number",
        "userDefined": false
      },
      {
        "text": ")",
        "userDefined": false
      }
    ],
    "isTemplate": false,
    "count": 0,
    "lang": "en",
    "updated": 0
  },
  {
    "id": "4c9d0146-d99e-4510-8be6-2c5d5e6b471a",
    "data": [
      {
        "text": "ISSUER OR SWITCH INOPERATIVE",
        "userDefined": false
      }
    ],
    "isTemplate": false,
    "count": 0,
    "lang": "en",
    "updated": 0
  }
]