[
  {
    "id": "1fbb546d-5816-42bc-b6a7-ce97ddac9129",
    "data": [
      {
        "text": "password  change",
        "userDefined": false
      }
    ],
    "isTemplate": false,
    "count": 0,
    "lang": "en",
    "updated": 0
  },
  {
    "id": "c4a7958b-e768-4d2a-96be-ff63aeafdfbd",
    "data": [
      {
        "text": "Password and pin change",
        "userDefined": false
      }
    ],
    "isTemplate": false,
    "count": 0,
    "lang": "en",
    "updated": 0
  },
  {
    "id": "1825594e-28a1-42a4-a6d0-27aeb0043d18",
    "data": [
      {
        "text": "2",
        "meta": "@sys.number",
        "alias": "number",
        "userDefined": false
      }
    ],
    "isTemplate": false,
    "count": 0,
    "lang": "en",
    "updated": 0
  },
  {
    "id": "ca397a32-1926-4a09-8594-a4a89d012370",
    "data": [
      {
        "text": "Pin change",
        "userDefined": false
      }
    ],
    "isTemplate": false,
    "count": 0,
    "lang": "en",
    "updated": 0
  }
]