[
  {
    "id": "99bd6901-ec42-4a00-8437-47ecbefe5416",
    "data": [
      {
        "text": "ERR ",
        "userDefined": false
      },
      {
        "text": "4246",
        "meta": "@sys.number",
        "alias": "number",
        "userDefined": false
      },
      {
        "text": ": SYSTEM FAILURE",
        "userDefined": false
      }
    ],
    "isTemplate": false,
    "count": 0,
    "lang": "en",
    "updated": 0
  },
  {
    "id": "c5bdbbe7-6fba-46d2-88d1-9edee77b86c0",
    "data": [
      {
        "text": "ERROR SOFTWARE UPDATE IS REQUIRED",
        "userDefined": false
      }
    ],
    "isTemplate": false,
    "count": 0,
    "lang": "en",
    "updated": 0
  },
  {
    "id": "225f4aae-1571-400b-941a-dd1803e4fd0c",
    "data": [
      {
        "text": "YOUR SOFTWARE IS OUTDATED",
        "userDefined": false
      }
    ],
    "isTemplate": false,
    "count": 0,
    "lang": "en",
    "updated": 0
  },
  {
    "id": "4d47c20c-237b-4dae-bffa-9d679e4ad58d",
    "data": [
      {
        "text": "TAG NOT FOUND",
        "userDefined": false
      }
    ],
    "isTemplate": false,
    "count": 0,
    "lang": "en",
    "updated": 0
  },
  {
    "id": "9f3cdc90-b8d8-4fa1-992f-38e63afdccab",
    "data": [
      {
        "text": "WARNING! APP EXCEPTION ERROR",
        "userDefined": false
      }
    ],
    "isTemplate": false,
    "count": 0,
    "lang": "en",
    "updated": 0
  }
]