[
  {
    "id": "efcc755c-ef70-4f55-9473-d90264f8b91a",
    "data": [
      {
        "text": "Report an issue",
        "userDefined": false
      }
    ],
    "isTemplate": false,
    "count": 0,
    "lang": "en",
    "updated": 0
  },
  {
    "id": "89b1dd11-fea5-4beb-a333-3627f490b317",
    "data": [
      {
        "text": "5",
        "meta": "@sys.number",
        "alias": "number",
        "userDefined": false
      }
    ],
    "isTemplate": false,
    "count": 0,
    "lang": "en",
    "updated": 0
  }
]