[
  {
    "id": "143ef8b7-465a-4622-baaf-5bd9efb56c97",
    "data": [
      {
        "text": "TOKEN EXPIRED",
        "userDefined": false
      }
    ],
    "isTemplate": false,
    "count": 0,
    "lang": "en",
    "updated": 0
  },
  {
    "id": "05edee41-c002-4031-8670-95763ed27534",
    "data": [
      {
        "text": "UNKNOWN USER ID",
        "userDefined": false
      }
    ],
    "isTemplate": false,
    "count": 0,
    "lang": "en",
    "updated": 0
  },
  {
    "id": "b1a6d7a8-c2e4-4514-a2c9-c97b650882fc",
    "data": [
      {
        "text": "UNABLE TO AUTHENTICATE USER",
        "userDefined": false
      }
    ],
    "isTemplate": false,
    "count": 0,
    "lang": "en",
    "updated": 0
  },
  {
    "id": "961df67a-b7f6-4252-9ce6-0f7f9d425dbd",
    "data": [
      {
        "text": "WRONG LOGIN",
        "userDefined": false
      }
    ],
    "isTemplate": false,
    "count": 0,
    "lang": "en",
    "updated": 0
  },
  {
    "id": "18f1a63f-855f-4239-ad76-53968a133613",
    "data": [
      {
        "text": "WRONG PASSWORD",
        "userDefined": false
      }
    ],
    "isTemplate": false,
    "count": 0,
    "lang": "en",
    "updated": 0
  },
  {
    "id": "027186d9-7799-4ba5-a8df-88f0ebeb4b28",
    "data": [
      {
        "text": "WALLET NOT FOUND",
        "userDefined": false
      }
    ],
    "isTemplate": false,
    "count": 0,
    "lang": "en",
    "updated": 0
  },
  {
    "id": "171cd3bf-0187-4e8c-b507-6fb9dd41768a",
    "data": [
      {
        "text": "LISTING ERROR",
        "userDefined": false
      }
    ],
    "isTemplate": false,
    "count": 0,
    "lang": "en",
    "updated": 0
  }
]