[
  {
    "id": "887c6ab8-2e6b-4338-bd22-17900a554cbb",
    "data": [
      {
        "text": "ATTACKED",
        "userDefined": false
      }
    ],
    "isTemplate": false,
    "count": 0,
    "lang": "en",
    "updated": 0
  },
  {
    "id": "91c370ad-2af8-4f16-8cf8-ae5f87bb1fb4",
    "data": [
      {
        "text": "KEYS NOT WORKING",
        "userDefined": false
      }
    ],
    "isTemplate": false,
    "count": 0,
    "lang": "en",
    "updated": 0
  },
  {
    "id": "7572eafb-3523-4123-9d82-212c894034eb",
    "data": [
      {
        "text": "PRINTER NOT WORKING",
        "userDefined": false
      }
    ],
    "isTemplate": false,
    "count": 0,
    "lang": "en",
    "updated": 0
  },
  {
    "id": "30543bef-c1d0-473c-b660-d71b53ce639f",
    "data": [
      {
        "text": "BLANK SCREEN",
        "userDefined": false
      }
    ],
    "isTemplate": false,
    "count": 0,
    "lang": "en",
    "updated": 0
  },
  {
    "id": "348b3748-1ebb-441e-82a5-ecf340087a20",
    "data": [
      {
        "text": "BAD PRINTER",
        "userDefined": false
      }
    ],
    "isTemplate": false,
    "count": 0,
    "lang": "en",
    "updated": 0
  },
  {
    "id": "9d206baa-0c95-4c72-9892-da09f473c89f",
    "data": [
      {
        "text": "TAMPER",
        "userDefined": false
      }
    ],
    "isTemplate": false,
    "count": 0,
    "lang": "en",
    "updated": 0
  },
  {
    "id": "c5ca1869-f994-49eb-bf03-d20a195d90a9",
    "data": [
      {
        "text": "DANGER DETECT",
        "userDefined": false
      }
    ],
    "isTemplate": false,
    "count": 0,
    "lang": "en",
    "updated": 0
  },
  {
    "id": "42422fe0-5273-4274-a25a-31fb26c67d92",
    "data": [
      {
        "text": "NOT SENSING CARD",
        "userDefined": false
      }
    ],
    "isTemplate": false,
    "count": 0,
    "lang": "en",
    "updated": 0
  },
  {
    "id": "83ce0a67-39b4-42ea-bfbe-70f49596a7c3",
    "data": [
      {
        "text": "CARD FAILURE",
        "userDefined": false
      }
    ],
    "isTemplate": false,
    "count": 0,
    "lang": "en",
    "updated": 0
  },
  {
    "id": "405ee54e-ce4d-4959-a843-9d46c3716dbb",
    "data": [
      {
        "text": "REMOVE CARD",
        "userDefined": false
      }
    ],
    "isTemplate": false,
    "count": 0,
    "lang": "en",
    "updated": 0
  },
  {
    "id": "c3301067-ccd3-4312-b525-15fee8ffc6fa",
    "data": [
      {
        "text": "KEYPAD ISSUE",
        "userDefined": false
      }
    ],
    "isTemplate": false,
    "count": 0,
    "lang": "en",
    "updated": 0
  },
  {
    "id": "e88768af-fad3-459f-b12b-9977ed592e74",
    "data": [
      {
        "text": "hardware",
        "userDefined": false
      }
    ],
    "isTemplate": false,
    "count": 0,
    "lang": "en",
    "updated": 0
  }
]