[
  {
    "id": "c7d47c75-198c-4b39-8c97-c54335ec9df4",
    "data": [
      {
        "text": "ROLL BACK",
        "userDefined": false
      }
    ],
    "isTemplate": false,
    "count": 0,
    "lang": "en",
    "updated": 0
  },
  {
    "id": "a1a82d70-6cbf-4f96-9639-46bf3c5b6b3c",
    "data": [
      {
        "text": "CARD PAYMENT DECLINED",
        "userDefined": false
      }
    ],
    "isTemplate": false,
    "count": 0,
    "lang": "en",
    "updated": 0
  },
  {
    "id": "8b5f01a0-631f-4052-b3ea-a420e969bfb9",
    "data": [
      {
        "text": "CARD PAYMENT DECLINED (WITHDRAWAL)",
        "userDefined": false
      }
    ],
    "isTemplate": false,
    "count": 0,
    "lang": "en",
    "updated": 0
  },
  {
    "id": "585895dd-016f-474a-b5b3-b1aa4d2302a9",
    "data": [
      {
        "text": "DECLINED ROLL BACK (00)",
        "userDefined": false
      }
    ],
    "isTemplate": false,
    "count": 0,
    "lang": "en",
    "updated": 0
  }
]