[
  {
    "id": "d1d10c04-fcd0-4010-b752-0a1997e501af",
    "data": [
      {
        "text": "7",
        "meta": "@sys.number",
        "alias": "number",
        "userDefined": false
      }
    ],
    "isTemplate": false,
    "count": 0,
    "lang": "en",
    "updated": 0
  },
  {
    "id": "29ec74c8-e869-4f85-a68a-ec2e506c7742",
    "data": [
      {
        "text": "vas",
        "userDefined": false
      }
    ],
    "isTemplate": false,
    "count": 0,
    "lang": "en",
    "updated": 0
  },
  {
    "id": "8ea4158c-385b-480d-ba6c-58cbe94e431a",
    "data": [
      {
        "text": "VAS DISABLED",
        "userDefined": false
      }
    ],
    "isTemplate": false,
    "count": 2,
    "lang": "en",
    "updated": 0
  }
]