[
  {
    "id": "fedbcf4f-7989-4e8f-9b7d-3b1c3d71dc4d",
    "data": [
      {
        "text": "Funding your payvice wallet",
        "userDefined": false
      }
    ],
    "isTemplate": false,
    "count": 0,
    "lang": "en",
    "updated": 0
  },
  {
    "id": "28ebd5d7-783f-4b62-ae47-abfb0a98e7cc",
    "data": [
      {
        "text": "1",
        "meta": "@sys.number",
        "alias": "number",
        "userDefined": false
      }
    ],
    "isTemplate": false,
    "count": 0,
    "lang": "en",
    "updated": 0
  },
  {
    "id": "70200677-ab06-4158-a117-200fd621ee6a",
    "data": [
      {
        "text": "funding option",
        "userDefined": false
      }
    ],
    "isTemplate": false,
    "count": 0,
    "lang": "en",
    "updated": 0
  },
  {
    "id": "50267766-bdbc-4067-b7a3-855520c76617",
    "data": [
      {
        "text": "wallet funding uptions",
        "userDefined": false
      }
    ],
    "isTemplate": false,
    "count": 0,
    "lang": "en",
    "updated": 0
  },
  {
    "id": "5ded4a06-0091-4417-8485-ddcc99676ac4",
    "data": [
      {
        "text": "what options are available for funding",
        "userDefined": false
      }
    ],
    "isTemplate": false,
    "count": 0,
    "lang": "en",
    "updated": 0
  },
  {
    "id": "c69bf07b-5bac-4eda-a0bf-652669122b45",
    "data": [
      {
        "text": "what are the available funding option",
        "userDefined": false
      }
    ],
    "isTemplate": false,
    "count": 0,
    "lang": "en",
    "updated": 0
  },
  {
    "id": "c80da978-f944-4b37-95b1-85eda1e38394",
    "data": [
      {
        "text": "what are the ways i can use to fund my wallet",
        "userDefined": false
      }
    ],
    "isTemplate": false,
    "count": 0,
    "lang": "en",
    "updated": 0
  },
  {
    "id": "75319c4f-9531-4e74-b80d-2f121de5082c",
    "data": [
      {
        "text": "can i fund my wallet",
        "userDefined": false
      }
    ],
    "isTemplate": false,
    "count": 0,
    "lang": "en",
    "updated": 0
  },
  {
    "id": "b6fd5ecb-b679-4d98-a07a-7af0f5de3c18",
    "data": [
      {
        "text": "wallet funding",
        "userDefined": false
      }
    ],
    "isTemplate": false,
    "count": 0,
    "lang": "en",
    "updated": 0
  },
  {
    "id": "93aa6fd2-0c12-4063-b96e-ff27f09787f9",
    "data": [
      {
        "text": "how can i fund my wallet",
        "userDefined": false
      }
    ],
    "isTemplate": false,
    "count": 0,
    "lang": "en",
    "updated": 0
  },
  {
    "id": "83dd0013-fd74-44b4-86f8-08198c1f7f0a",
    "data": [
      {
        "text": "please how do i fund my wallet",
        "userDefined": false
      }
    ],
    "isTemplate": false,
    "count": 0,
    "lang": "en",
    "updated": 0
  }
]